Postcode,Totaal allochtonen,Gemeentenaam,geometry
1011,3370,Amsterdam,"<Polygon><outerBoundaryIs><LinearRing><coordinates>4.91382059861,52.3722088838,0 4.91253839481,52.3707243753,0 4.90635188671,52.3666819072,0 4.90157348883,52.3656755526,0 4.90029731477,52.3666391869,0 4.89861205217,52.3672802585,0 4.89569523481,52.3676214029,0 4.90114228897,52.3736746422,0 4.90170362777,52.3772621381,0 4.90374037927,52.3774142743,0 4.90471332937,52.3785614771,0 4.90538632234,52.3783934511,0 4.90645672546,52.378279164,0 4.90698936474,52.3785940968,0 4.91013950774,52.3783291099,0 4.91041242931,52.3779419409,0 4.91144004724,52.3778436143,0 4.91174705624,52.3760562971,0 4.91273967472,52.375793344,0 4.91382059861,52.3722088838,0</coordinates></LinearRing></outerBoundaryIs></Polygon>"
1012,3555,Amsterdam,"<Polygon><outerBoundaryIs><LinearRing><coordinates>4.90471332937,52.3785614771,0 4.90374037927,52.3774142743,0 4.90170362777,52.3772621381,0 4.90114228897,52.3736746422,0 4.89569523481,52.3676214029,0 4.89259596122,52.36720315,0 4.88981123034,52.3671528366,0 4.88814113959,52.3685182335,0 4.88791313553,52.369207529,0 4.88936347273,52.3744741443,0 4.89388160372,52.3791361004,0 4.89678115318,52.3816215572,0 4.89701019824,52.381495779,0 4.89899955151,52.3806330898,0 4.90423766889,52.3786799731,0 4.90471332937,52.3785614771,0</coordinates></LinearRing></outerBoundaryIs></Polygon>"
1013,9465,Amsterdam,"<Polygon><outerBoundaryIs><LinearRing><coordinates>4.89678115318,52.3816215572,0 4.89388160372,52.3791361004,0 4.89000920345,52.3797508413,0 4.88189030366,52.3843945719,0 4.88259263024,52.3859236767,0 4.88113588427,52.3857610749,0 4.87515231607,52.3858324222,0 4.87499669775,52.3869695914,0 4.87734611811,52.3880654422,0 4.87275040711,52.3902879973,0 4.84897765481,52.4005253885,0 4.86218947274,52.4122488744,0 4.86285409507,52.4119758967,0 4.86410554576,52.4127885199,0 4.86510058514,52.4122896004,0 4.85843961924,52.4065025635,0 4.8594714568,52.4059921712,0 4.86352217602,52.4090470778,0 4.86541777232,52.4080703942,0 4.86200421637,52.4050633168,0 4.86195016844,52.4046640247,0 4.86329930861,52.4042799341,0 4.86714413631,52.4072313476,0 4.86828878315,52.4066180158,0 4.86550911359,52.4041818343,0 4.86635311536,52.4038880564,0 4.86855528922,52.4056952512,0 4.86926718525,52.4053891901,0 4.86665571441,52.4030220765,0 4.86721797234,52.4028178294,0 4.87046456342,52.4055400192,0 4.87049407809,52.4077978481,0 4.86733754389,52.4100363458,0 4.86767140489,52.4110183634,0 4.87228990032,52.4079278991,0 4.87360609098,52.4067103923,0 4.87404014174,52.405776658,0 4.86527900216,52.401011768,0 4.85682115218,52.4043319963,0 4.85475002826,52.4025476394,0 4.86080932751,52.3997579821,0 4.85874002395,52.3978254044,0 4.86147940502,52.3965325828,0 4.86245323419,52.3964317452,0 4.86986974335,52.4002239142,0 4.87172177049,52.4005483541,0 4.87237997627,52.3999220796,0 4.87550160511,52.4025312436,0 4.87854332241,52.3957469695,0 4.8844997697,52.3910592616,0 4.88546485261,52.3932734238,0 4.88644442527,52.3930429909,0 4.88527365195,52.3908270665,0 4.89067907623,52.3902305995,0 4.88927394751,52.3935663184,0 4.89068153626,52.3934212345,0 4.8925498721,52.3883222544,0 4.89361384986,52.3884138739,0 4.89477704593,52.3849953078,0 4.89393498276,52.3850322481,0 4.8944064674,52.3835800032,0 4.89345620685,52.3834430274,0 4.89458965599,52.38308824,0 4.89596544805,52.3820693583,0 4.89678115318,52.3816215572,0</coordinates></LinearRing></outerBoundaryIs></Polygon>"
1014,125,Amsterdam,"<Polygon><outerBoundaryIs><LinearRing><coordinates>4.87734611811,52.3880654422,0 4.87499669775,52.3869695914,0 4.87515231607,52.3858324222,0 4.87291275085,52.3855378078,0 4.86111884547,52.3851939035,0 4.84493844879,52.3851451868,0 4.84450633107,52.3951276511,0 4.84558452314,52.396947202,0 4.84897765481,52.4005253885,0 4.87275040711,52.3902879973,0 4.87734611811,52.3880654422,0</coordinates></LinearRing></outerBoundaryIs></Polygon>"
1015,5130,Amsterdam,"<Polygon><outerBoundaryIs><LinearRing><coordinates>4.89388160372,52.3791361004,0 4.88936347273,52.3744741443,0 4.8842317464,52.3762257322,0 4.88294695931,52.3753035216,0 4.87549776902,52.3737175883,0 4.8752317783,52.3746250966,0 4.87971875359,52.381368116,0 4.87958363201,52.3821377828,0 4.88083414587,52.3825997116,0 4.88189030366,52.3843945719,0 4.89000920345,52.3797508413,0 4.89388160372,52.3791361004,0</coordinates></LinearRing></outerBoundaryIs></Polygon>"
1016,4010,Amsterdam,"<Polygon><outerBoundaryIs><LinearRing><coordinates>4.88936347273,52.3744741443,0 4.88791313553,52.369207529,0 4.88814113959,52.3685182335,0 4.88661145646,52.3681019357,0 4.88659431363,52.3675392318,0 4.87911436526,52.3648955342,0 4.87852912591,52.365998512,0 4.87746011572,52.3667776441,0 4.87683664705,52.3680071757,0 4.8758399366,52.3692584604,0 4.87457374073,52.3718423481,0 4.87460741811,52.3724860147,0 4.87578193002,52.373143602,0 4.87549776902,52.3737175883,0 4.88294695931,52.3753035216,0 4.8842317464,52.3762257322,0 4.88936347273,52.3744741443,0</coordinates></LinearRing></outerBoundaryIs></Polygon>"
1017,4675,Amsterdam,"<Polygon><outerBoundaryIs><LinearRing><coordinates>4.90459344713,52.3589408194,0 4.89899495748,52.3579687589,0 4.89755700042,52.3577776726,0 4.89287983796,52.3580656146,0 4.88907735831,52.3587606051,0 4.88687347516,52.3603619133,0 4.88504794807,52.3615962887,0 4.88208324338,52.3619117284,0 4.88074934139,52.363403386,0 4.87962355768,52.3641490403,0 4.87911436526,52.3648955342,0 4.88659431363,52.3675392318,0 4.88661145646,52.3681019357,0 4.88814113959,52.3685182335,0 4.88981123034,52.3671528366,0 4.89259596122,52.36720315,0 4.89569523481,52.3676214029,0 4.89861205217,52.3672802585,0 4.90029731477,52.3666391869,0 4.90157348883,52.3656755526,0 4.90459344713,52.3589408194,0</coordinates></LinearRing></outerBoundaryIs></Polygon>"
1018,8395,Amsterdam,"<Polygon><outerBoundaryIs><LinearRing><coordinates>4.93261748435,52.3692420044,0 4.93139576376,52.3663909042,0 4.92709030036,52.3665908543,0 4.92287254238,52.3637378684,0 4.92016428214,52.3634144434,0 4.91843775977,52.3620244109,0 4.91505631455,52.361651465,0 4.91148984266,52.3612884641,0 4.91037227796,52.3607761619,0 4.90755162577,52.3604178412,0 4.90459344713,52.3589408194,0 4.90157348883,52.3656755526,0 4.90635188671,52.3666819072,0 4.91253839481,52.3707243753,0 4.91382059861,52.3722088838,0 4.91273967472,52.375793344,0 4.91460653179,52.3763131078,0 4.92830153669,52.3734100244,0 4.93108981578,52.3725858415,0 4.93238483332,52.3713109761,0 4.93261748435,52.3692420044,0</coordinates></LinearRing></outerBoundaryIs></Polygon>"
1019,6860,Amsterdam,"<Polygon><outerBoundaryIs><LinearRing><coordinates>4.95594409714,52.3682543369,0 4.95467646438,52.3675522688,0 4.95181743361,52.3672847424,0 4.95047468043,52.3666165059,0 4.9392065188,52.3665600256,0 4.93139576376,52.3663909042,0 4.93261748435,52.3692420044,0 4.93238483332,52.3713109761,0 4.93108981578,52.3725858415,0 4.92830153669,52.3734100244,0 4.91460653179,52.3763131078,0 4.91273967472,52.375793344,0 4.91174705624,52.3760562971,0 4.91144004724,52.3778436143,0 4.91213835952,52.3777763139,0 4.91269217596,52.3787231403,0 4.93868131183,52.3745058487,0 4.9362083556,52.3766723731,0 4.91989050844,52.3795103258,0 4.91785698863,52.3793162387,0 4.91774799328,52.3799009047,0 4.92302449637,52.3805068024,0 4.93686274172,52.3780329013,0 4.93789692456,52.3778606712,0 4.93926328925,52.3778056302,0 4.9486486662,52.3780052339,0 4.9485740627,52.3766388318,0 4.93887887206,52.3761720136,0 4.94113985006,52.3741870852,0 4.94895150979,52.3751500733,0 4.94961140849,52.3736075325,0 4.93868836899,52.3722104215,0 4.93892680758,52.3717196981,0 4.95166794512,52.3729401401,0 4.95190850621,52.3723685097,0 4.95147490001,52.371813274,0 4.93889161606,52.3702617622,0 4.93655457922,52.3702034583,0 4.93598536974,52.3698642522,0 4.93460338684,52.3697466315,0 4.93473520361,52.3690595769,0 4.9532771077,52.3695136537,0 4.95304781268,52.3710380224,0 4.95520100788,52.3723392243,0 4.95594409714,52.3682543369,0</coordinates></LinearRing></outerBoundaryIs></Polygon>"
1021,4275,Amsterdam,"<Polygon><outerBoundaryIs><LinearRing><coordinates>4.93187631941,52.3838000964,0 4.92861866705,52.3832159113,0 4.92773238272,52.3841247244,0 4.92655741774,52.3839745599,0 4.92720235294,52.3829713465,0 4.92558615978,52.3825992596,0 4.91766258566,52.3815866549,0 4.91417558181,52.3811943966,0 4.91303474895,52.3811601749,0 4.91400203868,52.3820421403,0 4.91721890799,52.3827065571,0 4.91666061647,52.3832750576,0 4.91294317506,52.3824441478,0 4.91179711583,52.3812504824,0 4.90820701688,52.3818435831,0 4.90660138928,52.3817346183,0 4.90570138224,52.3811629406,0 4.90451200714,52.3815409742,0 4.90358707441,52.381776273,0 4.90595650694,52.3832329425,0 4.91601279535,52.3877061005,0 4.91828438458,52.3897319481,0 4.92457911104,52.3873354262,0 4.92411583177,52.3869678177,0 4.93187631941,52.3838000964,0</coordinates></LinearRing></outerBoundaryIs></Polygon>"
1022,860,Amsterdam,"<Polygon><outerBoundaryIs><LinearRing><coordinates>4.94400953919,52.3857712792,0 4.94351181998,52.3841336619,0 4.94255446555,52.3839557108,0 4.93733630881,52.3839027501,0 4.93616599446,52.3843036424,0 4.93372406184,52.383945596,0 4.9248486303,52.3875494863,0 4.92457911104,52.3873354262,0 4.91828438458,52.3897319481,0 4.91977205997,52.3915838941,0 4.92241063533,52.3954949193,0 4.92574232915,52.3948320744,0 4.92431050932,52.393083782,0 4.92497461619,52.3906821777,0 4.93289854293,52.3916915913,0 4.93327640613,52.3906567637,0 4.93918880047,52.3896861395,0 4.93875246463,52.3866403696,0 4.94400953919,52.3857712792,0</coordinates></LinearRing></outerBoundaryIs></Polygon>"
1023,945,Amsterdam,"<Polygon><outerBoundaryIs><LinearRing><coordinates>4.97068371197,52.3814506624,0 4.96852144107,52.3794603616,0 4.96361123628,52.3833534287,0 4.96234295481,52.3823548514,0 4.96088034614,52.3829373879,0 4.95868872441,52.3837185943,0 4.95669176514,52.3842604977,0 4.95451396494,52.384514102,0 4.95216112742,52.3843410087,0 4.94971363352,52.3842358251,0 4.94419356517,52.3842593449,0 4.94351181998,52.3841336619,0 4.94400953919,52.3857712792,0 4.93875246463,52.3866403696,0 4.93918880047,52.3896861395,0 4.93788941502,52.3919380163,0 4.93547291823,52.3932221476,0 4.94003043163,52.3945031036,0 4.94345549261,52.3937250717,0 4.95148717836,52.391192512,0 4.95252099422,52.389584826,0 4.95271965796,52.3864012314,0 4.96572019805,52.3900216953,0 4.9682164144,52.3868740929,0 4.97056388036,52.3838876911,0 4.97068371197,52.3814506624,0</coordinates></LinearRing></outerBoundaryIs></Polygon>"
1024,8210,Amsterdam,"<Polygon><outerBoundaryIs><LinearRing><coordinates>4.96572019805,52.3900216953,0 4.95271965796,52.3864012314,0 4.95252099422,52.389584826,0 4.95148717836,52.391192512,0 4.94345549261,52.3937250717,0 4.94197202076,52.3952986335,0 4.94474732897,52.3980943008,0 4.94618921096,52.3974516693,0 4.95081049689,52.4018817088,0 4.95894079194,52.3980727656,0 4.96169863359,52.3957764787,0 4.96572019805,52.3900216953,0</coordinates></LinearRing></outerBoundaryIs></Polygon>"
1025,7135,Amsterdam,"<Polygon><outerBoundaryIs><LinearRing><coordinates>4.95081049689,52.4018817088,0 4.94618921096,52.3974516693,0 4.94474732897,52.3980943008,0 4.94197202076,52.3952986335,0 4.94345549261,52.3937250717,0 4.94003043163,52.3945031036,0 4.93547291823,52.3932221476,0 4.93788941502,52.3919380163,0 4.93918880047,52.3896861395,0 4.93327640613,52.3906567637,0 4.93289854293,52.3916915913,0 4.92497461619,52.3906821777,0 4.92431050932,52.393083782,0 4.92574232915,52.3948320744,0 4.92241063533,52.3954949193,0 4.92219893151,52.3969087443,0 4.9210537055,52.3980915113,0 4.9213306343,52.3987235334,0 4.92254363413,52.3993457488,0 4.92519585157,52.4046938798,0 4.9252409004,52.4072797963,0 4.92873196274,52.4117485209,0 4.93960913223,52.4063993389,0 4.95081049689,52.4018817088,0</coordinates></LinearRing></outerBoundaryIs></Polygon>"
1026,50,Amsterdam,"<Polygon><outerBoundaryIs><LinearRing><coordinates>5.02635540062,52.3901590216,0 5.02505266415,52.3876070581,0 5.01937098007,52.3863519555,0 5.01724405946,52.3842359365,0 5.01311380943,52.383706175,0 5.01279222878,52.3770848688,0 5.01166009123,52.3739463946,0 5.0083553819,52.3724735782,0 5.00135807935,52.3750340359,0 4.99948154403,52.3780324768,0 4.98916614293,52.3771992537,0 4.98324991957,52.3737351513,0 4.979680723,52.3736636035,0 4.97326945298,52.3796361338,0 4.96852144107,52.3794603616,0 4.97068371197,52.3814506624,0 4.97056388036,52.3838876911,0 4.9682164144,52.3868740929,0 4.9847124587,52.3912192969,0 4.98679602938,52.3885660209,0 4.98539533846,52.3878404696,0 4.98882699521,52.3843828349,0 4.9934823652,52.3846383719,0 5.00213563731,52.3856087247,0 5.00214984261,52.3873559654,0 5.00562504019,52.3880700439,0 5.00609445878,52.3874612957,0 5.0098303227,52.3886236725,0 5.02635540062,52.3901590216,0</coordinates></LinearRing></outerBoundaryIs></Polygon>"
1027,40,Amsterdam,"<Polygon><outerBoundaryIs><LinearRing><coordinates>5.00150043155,52.4219875407,0 5.00053092964,52.4207234265,0 5.00006637036,52.4190448302,0 4.99382183457,52.4177309544,0 4.99119251254,52.4142350172,0 4.98900428482,52.4141989237,0 4.97823432167,52.4063070852,0 4.97382888137,52.4034418267,0 4.97836580164,52.4000198095,0 4.97920560374,52.4004109695,0 4.98226027854,52.3984936077,0 4.98208031434,52.3963206857,0 4.98354027591,52.3958852764,0 4.9847124587,52.3912192969,0 4.9682164144,52.3868740929,0 4.96572019805,52.3900216953,0 4.96169863359,52.3957764787,0 4.95894079194,52.3980727656,0 4.95081049689,52.4018817088,0 4.93960913223,52.4063993389,0 4.92873196274,52.4117485209,0 4.93107549697,52.4118159855,0 4.93750005456,52.4129415262,0 4.94420376578,52.4152864801,0 4.94796782666,52.4218326756,0 4.95385124819,52.4222623726,0 4.97168996972,52.4232798434,0 4.97627167139,52.423983368,0 4.98301801466,52.4267351923,0 4.98733292017,52.4230136997,0 4.98937072458,52.4233144513,0 4.99054412163,52.4252570014,0 4.99971273282,52.4255273005,0 5.00150043155,52.4219875407,0</coordinates></LinearRing></outerBoundaryIs></Polygon>"
1028,60,Amsterdam,"<Polygon><outerBoundaryIs><LinearRing><coordinates>5.06849256948,52.4158998452,0 5.06716695979,52.4134291914,0 5.05667044516,52.4143251985,0 5.05147268595,52.4124519607,0 5.04680473506,52.406715363,0 5.0387457773,52.4046454662,0 5.03209450041,52.4006550041,0 5.02918351506,52.3975850698,0 5.02635540062,52.3901590216,0 5.0098303227,52.3886236725,0 5.00609445878,52.3874612957,0 5.00562504019,52.3880700439,0 5.00214984261,52.3873559654,0 5.00213563731,52.3856087247,0 4.9934823652,52.3846383719,0 4.98882699521,52.3843828349,0 4.98539533846,52.3878404696,0 4.98679602938,52.3885660209,0 4.9847124587,52.3912192969,0 4.98354027591,52.3958852764,0 4.98208031434,52.3963206857,0 4.98226027854,52.3984936077,0 4.97920560374,52.4004109695,0 4.97836580164,52.4000198095,0 4.97382888137,52.4034418267,0 4.97823432167,52.4063070852,0 4.98900428482,52.4141989237,0 4.99119251254,52.4142350172,0 4.99382183457,52.4177309544,0 5.00006637036,52.4190448302,0 5.00053092964,52.4207234265,0 5.00150043155,52.4219875407,0 4.99971273282,52.4255273005,0 5.0112306672,52.4216593065,0 5.01823435178,52.418972469,0 5.02137271138,52.4211113503,0 5.02390070081,52.4202733981,0 5.02874939709,52.4187458988,0 5.02995226844,52.4163210934,0 5.03262606408,52.416677841,0 5.03565196705,52.4191620281,0 5.03752431182,52.4188404206,0 5.03926747758,52.4173697953,0 5.05025253883,52.4155779639,0 5.05747143517,52.416900565,0 5.06188825385,52.4161299564,0 5.06562761455,52.4171413744,0 5.06849256948,52.4158998452,0</coordinates></LinearRing></outerBoundaryIs></Polygon>"
1031,3130,Amsterdam,"<Polygon><outerBoundaryIs><LinearRing><coordinates>4.91828438458,52.3897319481,0 4.91601279535,52.3877061005,0 4.90595650694,52.3832329425,0 4.90358707441,52.381776273,0 4.90274018828,52.381992111,0 4.90275047002,52.3829331638,0 4.90177317577,52.3831179032,0 4.90087639744,52.3837280828,0 4.90020756077,52.3848460984,0 4.89725757905,52.3938009352,0 4.89790096783,52.3942089386,0 4.89691409889,52.3947036732,0 4.89643514212,52.3957658293,0 4.89663681004,52.3971912093,0 4.89778038484,52.3971465077,0 4.8982232404,52.3974907665,0 4.91828438458,52.3897319481,0</coordinates></LinearRing></outerBoundaryIs></Polygon>"
1032,1845,Amsterdam,"<Polygon><outerBoundaryIs><LinearRing><coordinates>4.92241063533,52.3954949193,0 4.91977205997,52.3915838941,0 4.91828438458,52.3897319481,0 4.8982232404,52.3974907665,0 4.8983470518,52.3975883443,0 4.89712776431,52.39836703,0 4.89992173835,52.4008294899,0 4.89966818659,52.400903943,0 4.90154293202,52.4030659835,0 4.90250048005,52.4023086515,0 4.90367469556,52.4031034643,0 4.90873196393,52.4015241973,0 4.91743393377,52.4003969229,0 4.9213306343,52.3987235334,0 4.9210537055,52.3980915113,0 4.92219893151,52.3969087443,0 4.92241063533,52.3954949193,0</coordinates></LinearRing></outerBoundaryIs></Polygon>"
1033,3360,Amsterdam,"<Polygon><outerBoundaryIs><LinearRing><coordinates>4.90218815777,52.412049076,0 4.89885488932,52.4051041167,0 4.902189681,52.4038541535,0 4.90154293202,52.4030659835,0 4.89966818659,52.400903943,0 4.89893996014,52.4011175461,0 4.89704065849,52.3994676577,0 4.89596214887,52.3992043455,0 4.89543209647,52.3987734348,0 4.89116349062,52.3987969799,0 4.89175852288,52.4009034813,0 4.88967171261,52.4018456292,0 4.88910322138,52.4027456009,0 4.88837761231,52.4025888588,0 4.88603845039,52.4038723097,0 4.88901113507,52.4059699836,0 4.8869667362,52.4067738523,0 4.88489416526,52.405259651,0 4.88280370324,52.4063625416,0 4.88152391221,52.4059589327,0 4.87985963432,52.4071795307,0 4.87648018393,52.4087845853,0 4.87904379683,52.4107863732,0 4.87722691624,52.41145264,0 4.87487277993,52.4097680843,0 4.87109334302,52.4117379513,0 4.86911254369,52.4128338883,0 4.86528045045,52.41473773,0 4.86568267424,52.4155304141,0 4.86591536577,52.4159916055,0 4.86831388247,52.4182787033,0 4.87262947918,52.4166509881,0 4.87444642377,52.416003666,0 4.87479537658,52.4170962749,0 4.87715895812,52.4193983194,0 4.88359283431,52.4209753056,0 4.88691371245,52.4161558267,0 4.89395595128,52.4168144856,0 4.8965020925,52.4163927525,0 4.90218815777,52.412049076,0</coordinates></LinearRing></outerBoundaryIs></Polygon>"
1034,7450,Amsterdam,"<Polygon><outerBoundaryIs><LinearRing><coordinates>4.92873196274,52.4117485209,0 4.9252409004,52.4072797963,0 4.92519585157,52.4046938798,0 4.92254363413,52.3993457488,0 4.9213306343,52.3987235334,0 4.91743393377,52.4003969229,0 4.90873196393,52.4015241973,0 4.90367469556,52.4031034643,0 4.90250048005,52.4023086515,0 4.90154293202,52.4030659835,0 4.902189681,52.4038541535,0 4.90263923338,52.4044015433,0 4.90668886467,52.4063261143,0 4.90729791329,52.408165656,0 4.9178296961,52.4165816154,0 4.92408793168,52.4141067856,0 4.92873196274,52.4117485209,0</coordinates></LinearRing></outerBoundaryIs></Polygon>"
1035,3390,Amsterdam,"<Polygon><outerBoundaryIs><LinearRing><coordinates>4.9178296961,52.4165816154,0 4.90729791329,52.408165656,0 4.90218815777,52.412049076,0 4.8965020925,52.4163927525,0 4.89395595128,52.4168144856,0 4.88691371245,52.4161558267,0 4.88359283431,52.4209753056,0 4.87715895812,52.4193983194,0 4.87479537658,52.4170962749,0 4.87444642377,52.416003666,0 4.87262947918,52.4166509881,0 4.86831388247,52.4182787033,0 4.86999361315,52.420078182,0 4.87261758634,52.4213442797,0 4.87629751136,52.4232242369,0 4.87920845385,52.4252661564,0 4.88497310531,52.4253922876,0 4.89137186945,52.4256115679,0 4.89851256862,52.4245510326,0 4.90223228709,52.4230554965,0 4.9178296961,52.4165816154,0</coordinates></LinearRing></outerBoundaryIs></Polygon>"
1036,565,Amsterdam,"<Polygon><outerBoundaryIs><LinearRing><coordinates>4.90729791329,52.408165656,0 4.90668886467,52.4063261143,0 4.90263923338,52.4044015433,0 4.902189681,52.4038541535,0 4.89885488932,52.4051041167,0 4.90218815777,52.412049076,0 4.90729791329,52.408165656,0</coordinates></LinearRing></outerBoundaryIs></Polygon>"
1037,20,Amsterdam,"<Polygon><outerBoundaryIs><LinearRing><coordinates>4.87920845385,52.4252661564,0 4.87629751136,52.4232242369,0 4.87261758634,52.4213442797,0 4.86999361315,52.420078182,0 4.86831388247,52.4182787033,0 4.86591536577,52.4159916055,0 4.86449423684,52.41646888,0 4.86371079005,52.4158461723,0 4.86223459852,52.4162548703,0 4.86135703864,52.41601011,0 4.85677605687,52.4173063814,0 4.85836650757,52.418907899,0 4.86048147909,52.4206663145,0 4.85808451557,52.4243019201,0 4.86248123343,52.4286894573,0 4.86210294487,52.4295928354,0 4.86899700418,52.4311295055,0 4.87216174092,52.4299515435,0 4.87616047215,52.4260547471,0 4.87920845385,52.4252661564,0</coordinates></LinearRing></outerBoundaryIs></Polygon>"
1041,10,Amsterdam,"<Polygon><outerBoundaryIs><LinearRing><coordinates>4.86222913354,52.4134911438,0 4.86150414925,52.412531643,0 4.86218947274,52.4122488744,0 4.84897765481,52.4005253885,0 4.82715481987,52.4099206148,0 4.82503204958,52.4126275367,0 4.82406548743,52.4145499043,0 4.8238250801,52.4166950178,0 4.82445084925,52.4192729586,0 4.82529038399,52.4191439255,0 4.82798267628,52.4182704789,0 4.84011100619,52.4165115925,0 4.84035407614,52.4161109662,0 4.83817124445,52.4143356942,0 4.82742603399,52.4156740094,0 4.827152693,52.4148557383,0 4.83656401407,52.4136829209,0 4.83195727139,52.4096070808,0 4.83460341689,52.4084879044,0 4.84090993442,52.414065242,0 4.8441264005,52.4127058151,0 4.83955395385,52.4086609869,0 4.84057134716,52.4082711267,0 4.8427542328,52.4102647581,0 4.84382089228,52.4083750539,0 4.8509984063,52.4052315141,0 4.8523147498,52.4063564303,0 4.84646252869,52.4089192109,0 4.84431253302,52.4164671058,0 4.85568552787,52.4153331988,0 4.85400965211,52.4132764835,0 4.85354457198,52.4123522557,0 4.85373492902,52.4116790385,0 4.85429889186,52.4112250033,0 4.85505069688,52.4107933797,0 4.85643693703,52.4105227782,0 4.85737294481,52.4106617827,0 4.85849434746,52.4110298939,0 4.85933373729,52.4120016075,0 4.86013398346,52.4131780593,0 4.85814568537,52.4137659777,0 4.85714127981,52.4122129152,0 4.8566178576,52.4119831846,0 4.85590648646,52.4121067226,0 4.85612745609,52.4126775309,0 4.85754093864,52.4149271769,0 4.86222913354,52.4134911438,0</coordinates></LinearRing></outerBoundaryIs></Polygon>"
1042,10,Amsterdam,"<Polygon><outerBoundaryIs><LinearRing><coordinates>4.84897765481,52.4005253885,0 4.84558452314,52.396947202,0 4.84356277577,52.3968318853,0 4.84236133014,52.3957235745,0 4.84111025875,52.3954284091,0 4.8386066962,52.3962625825,0 4.83665602126,52.3951606271,0 4.82823851222,52.395199395,0 4.82822879226,52.3958536542,0 4.82250951372,52.3958229301,0 4.82247528912,52.3981631663,0 4.83427146631,52.3982269083,0 4.83425146253,52.3995947425,0 4.8225783384,52.3995315864,0 4.82255012557,52.4013999952,0 4.83422961919,52.4014631822,0 4.83421190008,52.4026476773,0 4.82203252558,52.4025812069,0 4.82090440342,52.4050788928,0 4.83444826041,52.4051392688,0 4.83063526111,52.4067436932,0 4.8203599906,52.4068558524,0 4.8132175065,52.4198113618,0 4.8140025636,52.4201468073,0 4.82052460176,52.4192641326,0 4.82089941897,52.4189216969,0 4.8217599029,52.4187640284,0 4.82445084925,52.4192729586,0 4.8238250801,52.4166950178,0 4.82406548743,52.4145499043,0 4.82503204958,52.4126275367,0 4.82715481987,52.4099206148,0 4.84897765481,52.4005253885,0</coordinates></LinearRing></outerBoundaryIs></Polygon>"
1043,50,Amsterdam,"<Polygon><outerBoundaryIs><LinearRing><coordinates>4.84558452314,52.396947202,0 4.84450633107,52.3951276511,0 4.84493844879,52.3851451868,0 4.84001470895,52.385035358,0 4.81202858684,52.3853692023,0 4.7985821629,52.3852851549,0 4.7979205226,52.4006949283,0 4.80499046213,52.4003029728,0 4.80749806029,52.3972046231,0 4.8091766677,52.3950099367,0 4.80940087525,52.3947162334,0 4.82824328351,52.394821035,0 4.82823851222,52.395199395,0 4.83665602126,52.3951606271,0 4.8386066962,52.3962625825,0 4.84111025875,52.3954284091,0 4.84236133014,52.3957235745,0 4.84356277577,52.3968318853,0 4.84558452314,52.396947202,0</coordinates></LinearRing></outerBoundaryIs></Polygon>"
1044,5,Amsterdam,"<Polygon><outerBoundaryIs><LinearRing><coordinates>4.81861481019,52.4011906316,0 4.81841718228,52.3970112974,0 4.80749806029,52.3972046231,0 4.80499046213,52.4003029728,0 4.7979205226,52.4006949283,0 4.80726841473,52.4211539131,0 4.80929443966,52.4195550181,0 4.81051339989,52.417046205,0 4.81861481019,52.4011906316,0</coordinates></LinearRing></outerBoundaryIs></Polygon>"
1045,70,Amsterdam,"<Polygon><outerBoundaryIs><LinearRing><coordinates>4.80726841473,52.4211539131,0 4.7979205226,52.4006949283,0 4.77834586157,52.4006606405,0 4.77829402549,52.4091384953,0 4.79304313827,52.409171144,0 4.79302859123,52.4117900881,0 4.77981004173,52.4117608038,0 4.77928767522,52.4118048606,0 4.77857672314,52.4118820998,0 4.77822125077,52.4122946066,0 4.77198379956,52.4244470115,0 4.77209451743,52.4248376522,0 4.77373781211,52.425395319,0 4.8026000595,52.4217798829,0 4.8021890511,52.4213994732,0 4.79536752555,52.4221996545,0 4.79504181046,52.4211617474,0 4.79596868964,52.4204455638,0 4.79752042236,52.4203822937,0 4.80034963436,52.4170996577,0 4.80397234331,52.4182661716,0 4.80527341082,52.4213876981,0 4.80726841473,52.4211539131,0</coordinates></LinearRing></outerBoundaryIs></Polygon>"
1046,15,Amsterdam,"<Polygon><outerBoundaryIs><LinearRing><coordinates>4.7985821629,52.3852851549,0 4.75881360339,52.3846817475,0 4.75821906672,52.3887985866,0 4.76999160953,52.3893233969,0 4.77574674333,52.4004315464,0 4.77834745439,52.4004377529,0 4.77834586157,52.4006606405,0 4.7979205226,52.4006949283,0 4.7985821629,52.3852851549,0</coordinates></LinearRing></outerBoundaryIs></Polygon>"
1047,15,Amsterdam,"<Polygon><outerBoundaryIs><LinearRing><coordinates>4.77574674333,52.4004315464,0 4.76999160953,52.3893233969,0 4.75821906672,52.3887985866,0 4.75779948859,52.3966229016,0 4.75626559847,52.3968286491,0 4.72860175815,52.4005266176,0 4.73369432949,52.4143977635,0 4.73889693561,52.4302087876,0 4.74004683302,52.4299023006,0 4.74279997399,52.429555998,0 4.74806214608,52.4123541421,0 4.75234203953,52.4127708171,0 4.7482027806,52.4276699749,0 4.74849132887,52.4282557313,0 4.74934516261,52.4286926388,0 4.76511708504,52.426611349,0 4.7717024432,52.4114753922,0 4.77177220253,52.4004226465,0 4.77574674333,52.4004315464,0</coordinates></LinearRing></outerBoundaryIs></Polygon>"
1051,5590,Amsterdam,"<Polygon><outerBoundaryIs><LinearRing><coordinates>4.88113588427,52.3857610749,0 4.87424155007,52.3815206762,0 4.87308873192,52.378594672,0 4.86765374144,52.3725383936,0 4.86526069651,52.3748655758,0 4.86382804792,52.378048095,0 4.86221602257,52.3832142867,0 4.8609850436,52.3840914162,0 4.86111884547,52.3851939035,0 4.87291275085,52.3855378078,0 4.87515231607,52.3858324222,0 4.88113588427,52.3857610749,0</coordinates></LinearRing></outerBoundaryIs></Polygon>"
1052,4720,Amsterdam,"<Polygon><outerBoundaryIs><LinearRing><coordinates>4.88259263024,52.3859236767,0 4.88189030366,52.3843945719,0 4.88083414587,52.3825997116,0 4.87958363201,52.3821377828,0 4.87971875359,52.381368116,0 4.8752317783,52.3746250966,0 4.87549776902,52.3737175883,0 4.87578193002,52.373143602,0 4.87460741811,52.3724860147,0 4.87457374073,52.3718423481,0 4.87329205254,52.3715680592,0 4.86562917069,52.3702555974,0 4.86765374144,52.3725383936,0 4.87308873192,52.378594672,0 4.87424155007,52.3815206762,0 4.88113588427,52.3857610749,0 4.88259263024,52.3859236767,0</coordinates></LinearRing></outerBoundaryIs></Polygon>"
1053,6635,Amsterdam,"<Polygon><outerBoundaryIs><LinearRing><coordinates>4.87746011572,52.3667776441,0 4.87340635886,52.3655027375,0 4.85816204891,52.3618000542,0 4.85971137273,52.3638579718,0 4.86562917069,52.3702555974,0 4.87329205254,52.3715680592,0 4.87457374073,52.3718423481,0 4.8758399366,52.3692584604,0 4.87683664705,52.3680071757,0 4.87746011572,52.3667776441,0</coordinates></LinearRing></outerBoundaryIs></Polygon>"
1054,5815,Amsterdam,"<Polygon><outerBoundaryIs><LinearRing><coordinates>4.88208324338,52.3619117284,0 4.8793046927,52.3608383886,0 4.87607497961,52.3602007388,0 4.87342632181,52.3599753648,0 4.86950819249,52.3599726754,0 4.86641968622,52.3590783292,0 4.85572798476,52.3565277191,0 4.85542270204,52.3579940492,0 4.85816204891,52.3618000542,0 4.87340635886,52.3655027375,0 4.87746011572,52.3667776441,0 4.87852912591,52.365998512,0 4.87911436526,52.3648955342,0 4.87962355768,52.3641490403,0 4.88074934139,52.363403386,0 4.88208324338,52.3619117284,0</coordinates></LinearRing></outerBoundaryIs></Polygon>"
1055,11600,Amsterdam,"<Polygon><outerBoundaryIs><LinearRing><coordinates>4.86382804792,52.378048095,0 4.84628827603,52.3751561119,0 4.8435718917,52.3752434354,0 4.84475844468,52.3784871567,0 4.84526248687,52.3811066903,0 4.84493844879,52.3851451868,0 4.86111884547,52.3851939035,0 4.8609850436,52.3840914162,0 4.86221602257,52.3832142867,0 4.86382804792,52.378048095,0</coordinates></LinearRing></outerBoundaryIs></Polygon>"
1056,8970,Amsterdam,"<Polygon><outerBoundaryIs><LinearRing><coordinates>4.86765374144,52.3725383936,0 4.86562917069,52.3702555974,0 4.86367767046,52.371005549,0 4.86056296383,52.3715211132,0 4.858294778,52.3714786469,0 4.84654853235,52.3693467277,0 4.84280060379,52.3692864122,0 4.84287935825,52.3726805461,0 4.8435718917,52.3752434354,0 4.84628827603,52.3751561119,0 4.86382804792,52.378048095,0 4.86526069651,52.3748655758,0 4.86765374144,52.3725383936,0</coordinates></LinearRing></outerBoundaryIs></Polygon>"
1057,8880,Amsterdam,"<Polygon><outerBoundaryIs><LinearRing><coordinates>4.86562917069,52.3702555974,0 4.85971137273,52.3638579718,0 4.85835866499,52.3645188275,0 4.85157746482,52.3632767925,0 4.85002090946,52.3635465624,0 4.85013094527,52.3642804622,0 4.84268970096,52.3642060254,0 4.84280060379,52.3692864122,0 4.84654853235,52.3693467277,0 4.858294778,52.3714786469,0 4.86056296383,52.3715211132,0 4.86367767046,52.371005549,0 4.86562917069,52.3702555974,0</coordinates></LinearRing></outerBoundaryIs></Polygon>"
1058,5300,Amsterdam,"<Polygon><outerBoundaryIs><LinearRing><coordinates>4.85971137273,52.3638579718,0 4.85816204891,52.3618000542,0 4.85542270204,52.3579940492,0 4.85451320699,52.355617191,0 4.85299326255,52.3511622946,0 4.85066966991,52.3511760516,0 4.84862482657,52.3519253328,0 4.84308026739,52.3515134995,0 4.84268970096,52.3642060254,0 4.85013094527,52.3642804622,0 4.85002090946,52.3635465624,0 4.85157746482,52.3632767925,0 4.85835866499,52.3645188275,0 4.85971137273,52.3638579718,0</coordinates></LinearRing></outerBoundaryIs></Polygon>"
1059,2490,Amsterdam,"<Polygon><outerBoundaryIs><LinearRing><coordinates>4.85299326255,52.3511622946,0 4.85126656431,52.3473256959,0 4.84841802966,52.342602264,0 4.84780781768,52.340890905,0 4.84789467855,52.3377266976,0 4.84491600698,52.3378523959,0 4.84275338854,52.3396328357,0 4.84161918479,52.3422547454,0 4.84146464919,52.3480214981,0 4.84211216486,52.3497905815,0 4.84308026739,52.3515134995,0 4.84862482657,52.3519253328,0 4.85066966991,52.3511760516,0 4.85299326255,52.3511622946,0</coordinates></LinearRing></outerBoundaryIs></Polygon>"
1060,5475,Amsterdam,"<Polygon><outerBoundaryIs><LinearRing><coordinates>4.79513571692,52.3468164347,0 4.79093049396,52.3424874575,0 4.7862748471,52.3442866402,0 4.78577018964,52.3438409766,0 4.78095435645,52.3457380027,0 4.77231786612,52.3491187094,0 4.76781077034,52.3510015269,0 4.77232583314,52.354370338,0 4.77377002416,52.3545953368,0 4.77451743289,52.3538316481,0 4.77745906081,52.352863571,0 4.78525400345,52.3498736773,0 4.78838097272,52.3527539566,0 4.79193507653,52.3534774276,0 4.7931075103,52.3503241025,0 4.78656923022,52.3445469842,0 4.78718309215,52.3442975401,0 4.79189193886,52.348595929,0 4.7947126206,52.3475081769,0 4.79513571692,52.3468164347,0</coordinates></LinearRing></outerBoundaryIs></Polygon>"
1061,9470,Amsterdam,"<Polygon><outerBoundaryIs><LinearRing><coordinates>4.84526248687,52.3811066903,0 4.84475844468,52.3784871567,0 4.8435718917,52.3752434354,0 4.84287935825,52.3726805461,0 4.84280060379,52.3692864122,0 4.84268970096,52.3642060254,0 4.83427470839,52.364161629,0 4.83427771342,52.3678079763,0 4.83467696612,52.3708827525,0 4.83689180491,52.3761679738,0 4.83980128837,52.3830480853,0 4.84001470895,52.385035358,0 4.84493844879,52.3851451868,0 4.84526248687,52.3811066903,0</coordinates></LinearRing></outerBoundaryIs></Polygon>"
1062,5160,Amsterdam,"<Polygon><outerBoundaryIs><LinearRing><coordinates>4.84491600698,52.3378523959,0 4.8415809709,52.3380806353,0 4.83840931473,52.3392146103,0 4.83596682583,52.3409361065,0 4.83483239533,52.3433053937,0 4.83438339639,52.3519037142,0 4.83427470839,52.364161629,0 4.84268970096,52.3642060254,0 4.84308026739,52.3515134995,0 4.84211216486,52.3497905815,0 4.84146464919,52.3480214981,0 4.84161918479,52.3422547454,0 4.84275338854,52.3396328357,0 4.84491600698,52.3378523959,0</coordinates></LinearRing></outerBoundaryIs></Polygon>"
1063,9065,Amsterdam,"<Polygon><outerBoundaryIs><LinearRing><coordinates>4.84001470895,52.385035358,0 4.83980128837,52.3830480853,0 4.83689180491,52.3761679738,0 4.82279350812,52.3784806672,0 4.82248573657,52.3790067803,0 4.82043917467,52.3792926991,0 4.81974323298,52.3783582358,0 4.81255255578,52.3795081428,0 4.81255592282,52.3804950138,0 4.81202858684,52.3853692023,0 4.84001470895,52.385035358,0</coordinates></LinearRing></outerBoundaryIs></Polygon>"
1064,10550,Amsterdam,"<Polygon><outerBoundaryIs><LinearRing><coordinates>4.83689180491,52.3761679738,0 4.83467696612,52.3708827525,0 4.83427771342,52.3678079763,0 4.83427470839,52.364161629,0 4.81853000069,52.3640519922,0 4.81166590405,52.3608020941,0 4.81043462651,52.3634798528,0 4.80932823077,52.3637728514,0 4.80766334433,52.3669194224,0 4.80582730756,52.3705585571,0 4.80730364011,52.3712983004,0 4.80967697389,52.3805160599,0 4.81255592282,52.3804950138,0 4.81255255578,52.3795081428,0 4.81974323298,52.3783582358,0 4.82043917467,52.3792926991,0 4.82248573657,52.3790067803,0 4.82279350812,52.3784806672,0 4.83689180491,52.3761679738,0</coordinates></LinearRing></outerBoundaryIs></Polygon>"
1065,6630,Amsterdam,"<Polygon><outerBoundaryIs><LinearRing><coordinates>4.83427470839,52.364161629,0 4.83438339639,52.3519037142,0 4.82085439366,52.3518379548,0 4.81869905159,52.3560150333,0 4.81893081354,52.3585498025,0 4.81752308554,52.3587731233,0 4.81286110097,52.3579515812,0 4.81166590405,52.3608020941,0 4.81853000069,52.3640519922,0 4.83427470839,52.364161629,0</coordinates></LinearRing></outerBoundaryIs></Polygon>"
1066,8190,Amsterdam,"<Polygon><outerBoundaryIs><LinearRing><coordinates>4.84789467855,52.3377266976,0 4.8462205058,52.3349562052,0 4.83945310328,52.3317991112,0 4.83198388107,52.3307612578,0 4.82363042381,52.3308763553,0 4.82030208112,52.3296929361,0 4.81703676451,52.3270420123,0 4.79753497644,52.3354570138,0 4.79143206127,52.341635241,0 4.79810502638,52.3483376099,0 4.80407454821,52.3499679011,0 4.81336041627,52.3516922081,0 4.82085439366,52.3518379548,0 4.83438339639,52.3519037142,0 4.83483239533,52.3433053937,0 4.83596682583,52.3409361065,0 4.83840931473,52.3392146103,0 4.8415809709,52.3380806353,0 4.84491600698,52.3378523959,0 4.84789467855,52.3377266976,0</coordinates></LinearRing></outerBoundaryIs></Polygon>"
1067,11450,Amsterdam,"<Polygon><outerBoundaryIs><LinearRing><coordinates>4.81255592282,52.3804950138,0 4.80967697389,52.3805160599,0 4.80730364011,52.3712983004,0 4.80582730756,52.3705585571,0 4.80766334433,52.3669194224,0 4.79547398891,52.3642652501,0 4.78569896816,52.362525382,0 4.78381049859,52.3615882303,0 4.78106606897,52.3596957584,0 4.77954692571,52.3599980491,0 4.77833429814,52.3588234029,0 4.77781893243,52.3572272119,0 4.77585466059,52.3565996202,0 4.77391648899,52.3546185653,0 4.77377002416,52.3545953368,0 4.77232583314,52.354370338,0 4.76781077034,52.3510015269,0 4.75593897743,52.3557976267,0 4.75500522852,52.3581789121,0 4.75732785528,52.3676725433,0 4.75859127491,52.3725973848,0 4.75814371578,52.3754737991,0 4.75655654832,52.3776188313,0 4.75979844368,52.3796493182,0 4.75881360339,52.3846817475,0 4.7985821629,52.3852851549,0 4.81202858684,52.3853692023,0 4.81255592282,52.3804950138,0</coordinates></LinearRing></outerBoundaryIs></Polygon>"
1068,8740,Amsterdam,"<Polygon><outerBoundaryIs><LinearRing><coordinates>4.82085439366,52.3518379548,0 4.81336041627,52.3516922081,0 4.80407454821,52.3499679011,0 4.79954941648,52.358962083,0 4.79844200073,52.3593349663,0 4.79547398891,52.3642652501,0 4.80766334433,52.3669194224,0 4.80932823077,52.3637728514,0 4.81043462651,52.3634798528,0 4.81166590405,52.3608020941,0 4.81286110097,52.3579515812,0 4.81752308554,52.3587731233,0 4.81893081354,52.3585498025,0 4.81869905159,52.3560150333,0 4.82085439366,52.3518379548,0</coordinates></LinearRing></outerBoundaryIs></Polygon>"
1069,15455,Amsterdam,"<Polygon><outerBoundaryIs><LinearRing><coordinates>4.80407454821,52.3499679011,0 4.79810502638,52.3483376099,0 4.79143206127,52.341635241,0 4.78577018964,52.3438409766,0 4.7862748471,52.3442866402,0 4.79093049396,52.3424874575,0 4.79513571692,52.3468164347,0 4.7947126206,52.3475081769,0 4.79189193886,52.348595929,0 4.78718309215,52.3442975401,0 4.78656923022,52.3445469842,0 4.7931075103,52.3503241025,0 4.79193507653,52.3534774276,0 4.78838097272,52.3527539566,0 4.78525400345,52.3498736773,0 4.77745906081,52.352863571,0 4.77451743289,52.3538316481,0 4.77377002416,52.3545953368,0 4.77391648899,52.3546185653,0 4.77585466059,52.3565996202,0 4.77781893243,52.3572272119,0 4.77833429814,52.3588234029,0 4.77954692571,52.3599980491,0 4.78106606897,52.3596957584,0 4.78381049859,52.3615882303,0 4.78569896816,52.362525382,0 4.79547398891,52.3642652501,0 4.79844200073,52.3593349663,0 4.79954941648,52.358962083,0 4.80407454821,52.3499679011,0</coordinates></LinearRing></outerBoundaryIs></Polygon>"
1071,4335,Amsterdam,"<Polygon><outerBoundaryIs><LinearRing><coordinates>4.88687347516,52.3603619133,0 4.88633814588,52.3486117671,0 4.88344262991,52.3502792904,0 4.87352751752,52.352248136,0 4.87240313517,52.3523807639,0 4.87099785819,52.3521814068,0 4.86821073651,52.3559323931,0 4.86695505384,52.3562369586,0 4.86644593637,52.3567164635,0 4.86689424468,52.3572918536,0 4.8663489465,52.35785119,0 4.86724739637,52.35822184,0 4.86641968622,52.3590783292,0 4.86950819249,52.3599726754,0 4.87342632181,52.3599753648,0 4.87607497961,52.3602007388,0 4.8793046927,52.3608383886,0 4.88208324338,52.3619117284,0 4.88504794807,52.3615962887,0 4.88687347516,52.3603619133,0</coordinates></LinearRing></outerBoundaryIs></Polygon>"
1072,5375,Amsterdam,"<Polygon><outerBoundaryIs><LinearRing><coordinates>4.89533535078,52.3480347365,0 4.88633814588,52.3486117671,0 4.88687347516,52.3603619133,0 4.88907735831,52.3587606051,0 4.89287983796,52.3580656146,0 4.89246800154,52.3561629877,0 4.89469352402,52.3524423556,0 4.89432275405,52.3502756641,0 4.89533535078,52.3480347365,0</coordinates></LinearRing></outerBoundaryIs></Polygon>"
1073,5700,Amsterdam,"<Polygon><outerBoundaryIs><LinearRing><coordinates>4.90424027984,52.3491724065,0 4.89679682896,52.3476615178,0 4.89533535078,52.3480347365,0 4.89432275405,52.3502756641,0 4.89469352402,52.3524423556,0 4.89246800154,52.3561629877,0 4.89287983796,52.3580656146,0 4.89755700042,52.3577776726,0 4.89899495748,52.3579687589,0 4.90057185719,52.355396671,0 4.90263199489,52.3530458414,0 4.90424027984,52.3491724065,0</coordinates></LinearRing></outerBoundaryIs></Polygon>"
1074,3530,Amsterdam,"<Polygon><outerBoundaryIs><LinearRing><coordinates>4.91098083652,52.3498962683,0 4.90424027984,52.3491724065,0 4.90263199489,52.3530458414,0 4.90057185719,52.355396671,0 4.89899495748,52.3579687589,0 4.90459344713,52.3589408194,0 4.9067637195,52.3549546015,0 4.90958172674,52.3515704393,0 4.91098083652,52.3498962683,0</coordinates></LinearRing></outerBoundaryIs></Polygon>"
1075,3995,Amsterdam,"<Polygon><outerBoundaryIs><LinearRing><coordinates>4.87099785819,52.3521814068,0 4.86579245857,52.3508661506,0 4.86176808722,52.3497392633,0 4.85924750652,52.3476887212,0 4.85342341168,52.346760225,0 4.85189463375,52.3448973432,0 4.85233118444,52.3434999188,0 4.84841802966,52.342602264,0 4.85126656431,52.3473256959,0 4.85299326255,52.3511622946,0 4.85451320699,52.355617191,0 4.85542270204,52.3579940492,0 4.85572798476,52.3565277191,0 4.86641968622,52.3590783292,0 4.86724739637,52.35822184,0 4.8663489465,52.35785119,0 4.86689424468,52.3572918536,0 4.86644593637,52.3567164635,0 4.86695505384,52.3562369586,0 4.86821073651,52.3559323931,0 4.87099785819,52.3521814068,0</coordinates></LinearRing></outerBoundaryIs></Polygon>"
1076,4945,Amsterdam,"<Polygon><outerBoundaryIs><LinearRing><coordinates>4.86905833028,52.3387802529,0 4.84789467855,52.3377266976,0 4.84780781768,52.340890905,0 4.84841802966,52.342602264,0 4.85233118444,52.3434999188,0 4.85189463375,52.3448973432,0 4.85342341168,52.346760225,0 4.85924750652,52.3476887212,0 4.86176808722,52.3497392633,0 4.86579245857,52.3508661506,0 4.86598168843,52.3505002832,0 4.86697502592,52.3505262239,0 4.86814865636,52.3473092621,0 4.86751284805,52.3468364117,0 4.86870787793,52.342529319,0 4.86905833028,52.3387802529,0</coordinates></LinearRing></outerBoundaryIs></Polygon>"
1077,3440,Amsterdam,"<Polygon><outerBoundaryIs><LinearRing><coordinates>4.88680249795,52.3415304758,0 4.88662992696,52.3382249424,0 4.88301711507,52.3388980689,0 4.87828819126,52.3388742319,0 4.87368607023,52.3387977283,0 4.86905833028,52.3387802529,0 4.86870787793,52.342529319,0 4.86751284805,52.3468364117,0 4.86814865636,52.3473092621,0 4.86697502592,52.3505262239,0 4.86598168843,52.3505002832,0 4.86579245857,52.3508661506,0 4.87099785819,52.3521814068,0 4.87240313517,52.3523807639,0 4.87352751752,52.352248136,0 4.88344262991,52.3502792904,0 4.88633814588,52.3486117671,0 4.88547303299,52.3417890874,0 4.88680249795,52.3415304758,0</coordinates></LinearRing></outerBoundaryIs></Polygon>"
1078,4770,Amsterdam,"<Polygon><outerBoundaryIs><LinearRing><coordinates>4.91222155235,52.347241781,0 4.90417536942,52.3462358445,0 4.90291412398,52.3452150746,0 4.89386399051,52.3418998604,0 4.89214335576,52.3419726664,0 4.89161007725,52.3372940982,0 4.89051581672,52.336609136,0 4.88662992696,52.3382249424,0 4.88680249795,52.3415304758,0 4.88547303299,52.3417890874,0 4.88633814588,52.3486117671,0 4.89533535078,52.3480347365,0 4.89679682896,52.3476615178,0 4.90424027984,52.3491724065,0 4.91098083652,52.3498962683,0 4.91191427925,52.3481150549,0 4.91222155235,52.347241781,0</coordinates></LinearRing></outerBoundaryIs></Polygon>"
1079,4735,Amsterdam,"<Polygon><outerBoundaryIs><LinearRing><coordinates>4.91472051315,52.3420361936,0 4.91422949275,52.3404676669,0 4.90829048108,52.3382049316,0 4.90547018411,52.3341606736,0 4.90400160229,52.3333466852,0 4.89957526949,52.3332098892,0 4.89837061254,52.3321560452,0 4.89051581672,52.336609136,0 4.89161007725,52.3372940982,0 4.89214335576,52.3419726664,0 4.89386399051,52.3418998604,0 4.90291412398,52.3452150746,0 4.90417536942,52.3462358445,0 4.91222155235,52.347241781,0 4.9131504552,52.3458757729,0 4.91320029906,52.3446437524,0 4.91472051315,52.3420361936,0</coordinates></LinearRing></outerBoundaryIs></Polygon>"
1081,1660,Amsterdam,"<Polygon><outerBoundaryIs><LinearRing><coordinates>4.86981135051,52.3220078214,0 4.85644234813,52.3214650549,0 4.85597857113,52.3300741993,0 4.848467206,52.3304473854,0 4.84517566918,52.3293223577,0 4.84296384993,52.3296456526,0 4.84062473042,52.3292241269,0 4.84018230717,52.327387668,0 4.82573342537,52.3254837682,0 4.82127519897,52.3256261054,0 4.81856202412,52.3251223601,0 4.8182020576,52.3261982715,0 4.81703676451,52.3270420123,0 4.82030208112,52.3296929361,0 4.82363042381,52.3308763553,0 4.83198388107,52.3307612578,0 4.83945310328,52.3317991112,0 4.8462205058,52.3349562052,0 4.84789467855,52.3377266976,0 4.86905833028,52.3387802529,0 4.86981135051,52.3220078214,0</coordinates></LinearRing></outerBoundaryIs></Polygon>"
1082,4235,Amsterdam,"<Polygon><outerBoundaryIs><LinearRing><coordinates>4.88662992696,52.3382249424,0 4.88315509212,52.3344991386,0 4.8822924936,52.3347480179,0 4.8808580739,52.3325174117,0 4.88097292189,52.3304219505,0 4.8812844309,52.3218785822,0 4.87394986988,52.3220689893,0 4.86981135051,52.3220078214,0 4.86905833028,52.3387802529,0 4.87368607023,52.3387977283,0 4.87828819126,52.3388742319,0 4.88301711507,52.3388980689,0 4.88662992696,52.3382249424,0</coordinates></LinearRing></outerBoundaryIs></Polygon>"
1083,2480,Amsterdam,"<Polygon><outerBoundaryIs><LinearRing><coordinates>4.89915751141,52.3299716678,0 4.89701738178,52.3272889551,0 4.89533270854,52.3237686359,0 4.89645223865,52.3220116769,0 4.8812844309,52.3218785822,0 4.88097292189,52.3304219505,0 4.8808580739,52.3325174117,0 4.8822924936,52.3347480179,0 4.88315509212,52.3344991386,0 4.88662992696,52.3382249424,0 4.89051581672,52.336609136,0 4.89837061254,52.3321560452,0 4.89915751141,52.3299716678,0</coordinates></LinearRing></outerBoundaryIs></Polygon>"
1086,1785,Amsterdam,"<Polygon><outerBoundaryIs><LinearRing><coordinates>4.9898799444,52.3639115964,0 4.98583037998,52.3607118059,0 4.98748516382,52.3600262516,0 4.98393929759,52.3584773329,0 4.97475030137,52.3587422696,0 4.97382970259,52.3611252899,0 4.97798979785,52.364190161,0 4.98077523709,52.3631904391,0 4.98119763333,52.364520267,0 4.9830219941,52.3642604737,0 4.98491994707,52.3654353351,0 4.9898799444,52.3639115964,0</coordinates></LinearRing></outerBoundaryIs></Polygon>"
1087,7640,Amsterdam,"<Polygon><outerBoundaryIs><LinearRing><coordinates>5.03880042221,52.3548766689,0 5.02788470392,52.3529853912,0 5.02434051809,52.3514871201,0 5.02106159282,52.3500650592,0 5.01918327122,52.3512662805,0 5.01557176313,52.349095257,0 5.01299669347,52.3469274025,0 5.00935010392,52.3444720636,0 5.00563220032,52.3440440061,0 4.99888264421,52.3459562087,0 4.99604716319,52.3494736457,0 4.98857993889,52.3541834531,0 4.98588541378,52.3541392972,0 4.98448352252,52.3560938531,0 4.98582130466,52.3571706276,0 4.98393929759,52.3584773329,0 4.98748516382,52.3600262516,0 4.99362028419,52.3628087189,0 4.99692970134,52.3614391674,0 4.9952038855,52.3603711226,0 5.00618148136,52.3549361612,0 5.00836314305,52.3535087288,0 5.0088614483,52.3560071001,0 5.01346244053,52.3557556792,0 5.01468837887,52.3543251097,0 5.01650546743,52.3548619853,0 5.0152809058,52.3561334958,0 5.01727128369,52.3566709035,0 5.01453799957,52.3619210169,0 5.01835402041,52.3620390209,0 5.01773622486,52.3634175996,0 5.00627627314,52.3640724363,0 5.00513779222,52.3653432189,0 5.02940667536,52.3686590886,0 5.02744188336,52.3648819173,0 5.02501601712,52.3643963785,0 5.02378882955,52.3659861296,0 5.02127763368,52.3653411709,0 5.02138045964,52.3633758879,0 5.01947194557,52.3633699759,0 5.01965529658,52.362149122,0 5.0383045719,52.3626836883,0 5.03789824733,52.3592833584,0 5.03880042221,52.3548766689,0</coordinates></LinearRing></outerBoundaryIs></Polygon>"
1091,7770,Amsterdam,"<Polygon><outerBoundaryIs><LinearRing><coordinates>4.92118482553,52.352213475,0 4.91191427925,52.3481150549,0 4.91098083652,52.3498962683,0 4.90958172674,52.3515704393,0 4.9067637195,52.3549546015,0 4.90459344713,52.3589408194,0 4.90755162577,52.3604178412,0 4.91037227796,52.3607761619,0 4.91148984266,52.3612884641,0 4.91505631455,52.361651465,0 4.92036372143,52.3540868772,0 4.92005356789,52.3531527274,0 4.92118482553,52.352213475,0</coordinates></LinearRing></outerBoundaryIs></Polygon>"
1092,5055,Amsterdam,"<Polygon><outerBoundaryIs><LinearRing><coordinates>4.92803443342,52.3553778575,0 4.92118482553,52.352213475,0 4.92005356789,52.3531527274,0 4.92036372143,52.3540868772,0 4.91505631455,52.361651465,0 4.91843775977,52.3620244109,0 4.92016428214,52.3634144434,0 4.92287254238,52.3637378684,0 4.92803443342,52.3553778575,0</coordinates></LinearRing></outerBoundaryIs></Polygon>"
1093,4660,Amsterdam,"<Polygon><outerBoundaryIs><LinearRing><coordinates>4.93657634891,52.357652218,0 4.93045567036,52.3564486739,0 4.92803443342,52.3553778575,0 4.92287254238,52.3637378684,0 4.92709030036,52.3665908543,0 4.93139576376,52.3663909042,0 4.93070452148,52.3639363962,0 4.93105380835,52.3625212803,0 4.93294909711,52.3597998997,0 4.93657634891,52.357652218,0</coordinates></LinearRing></outerBoundaryIs></Polygon>"
1094,8240,Amsterdam,"<Polygon><outerBoundaryIs><LinearRing><coordinates>4.94064518451,52.3585574194,0 4.93657634891,52.357652218,0 4.93294909711,52.3597998997,0 4.93105380835,52.3625212803,0 4.93070452148,52.3639363962,0 4.93139576376,52.3663909042,0 4.9392065188,52.3665600256,0 4.93924743972,52.3642521401,0 4.93926508179,52.3622137965,0 4.94064518451,52.3585574194,0</coordinates></LinearRing></outerBoundaryIs></Polygon>"
1095,7115,Amsterdam,"<Polygon><outerBoundaryIs><LinearRing><coordinates>5.01231461681,52.3434101563,0 5.00891550306,52.3427755951,0 5.00302097258,52.3432617182,0 5.00051613033,52.3430800988,0 4.99855149483,52.3422090466,0 4.98072339491,52.3508995953,0 4.9695866957,52.356324453,0 4.96791614252,52.3549353412,0 4.96577070442,52.3542581391,0 4.9645109476,52.3552207244,0 4.95987313657,52.3575948021,0 4.94064518451,52.3585574194,0 4.93926508179,52.3622137965,0 4.93924743972,52.3642521401,0 4.9392065188,52.3665600256,0 4.95047468043,52.3666165059,0 4.95181743361,52.3672847424,0 4.95467646438,52.3675522688,0 4.95594409714,52.3682543369,0 4.95520100788,52.3723392243,0 4.95544041302,52.372484799,0 4.95471073996,52.3750310402,0 4.95440670805,52.3760895756,0 4.95328578679,52.3767325857,0 4.95732842408,52.3801015256,0 4.95950153264,52.3801579271,0 4.95941260478,52.3800892997,0 4.96432066499,52.3776541953,0 4.97983902631,52.3692179507,0 4.96330078256,52.3686583858,0 4.96071943455,52.3665271248,0 4.96122978877,52.3650594757,0 4.96161327269,52.3639580657,0 4.96819518977,52.3614488123,0 4.97382970259,52.3611252899,0 4.97475030137,52.3587422696,0 4.98393929759,52.3584773329,0 4.98582130466,52.3571706276,0 4.98448352252,52.3560938531,0 4.98588541378,52.3541392972,0 4.98857993889,52.3541834531,0 4.99604716319,52.3494736457,0 4.99888264421,52.3459562087,0 5.00563220032,52.3440440061,0 5.00935010392,52.3444720636,0 5.01213379784,52.3441429797,0 5.01231461681,52.3434101563,0</coordinates></LinearRing></outerBoundaryIs></Polygon>"
1096,810,Amsterdam,"<Polygon><outerBoundaryIs><LinearRing><coordinates>4.94362730467,52.3364597241,0 4.94330312287,52.3361583179,0 4.94239952287,52.335843949,0 4.94134677476,52.3357725792,0 4.93998603582,52.3358348529,0 4.93909788615,52.3357371218,0 4.93649390256,52.3348374456,0 4.93605421098,52.3352249398,0 4.93427195328,52.3356180868,0 4.92805278043,52.3368613935,0 4.92566354613,52.3362076774,0 4.92577558186,52.3358746686,0 4.92363406119,52.3359552778,0 4.92360690562,52.335042914,0 4.92343085938,52.3346197995,0 4.92328886286,52.3343082664,0 4.92293013063,52.3338179253,0 4.92148757116,52.3330114472,0 4.91707361294,52.3317042486,0 4.91374295373,52.3309135267,0 4.91243590374,52.3310413087,0 4.91305433393,52.327531366,0 4.91386729957,52.3226875102,0 4.91482837151,52.3210016473,0 4.91429166087,52.3203020507,0 4.91264992449,52.3180134762,0 4.90928348703,52.3184699863,0 4.902822445,52.3209324302,0 4.89885724175,52.3211228487,0 4.89645223865,52.3220116769,0 4.89533270854,52.3237686359,0 4.89701738178,52.3272889551,0 4.89915751141,52.3299716678,0 4.89837061254,52.3321560452,0 4.89957526949,52.3332098892,0 4.90400160229,52.3333466852,0 4.90547018411,52.3341606736,0 4.90829048108,52.3382049316,0 4.91422949275,52.3404676669,0 4.91472051315,52.3420361936,0 4.91320029906,52.3446437524,0 4.9131504552,52.3458757729,0 4.91691891845,52.3446495991,0 4.91798186914,52.3429389559,0 4.92039387899,52.3428460337,0 4.92926985137,52.3389261018,0 4.94307964376,52.3367911155,0 4.94362730467,52.3364597241,0</coordinates></LinearRing></outerBoundaryIs></Polygon>"
1097,4905,Amsterdam,"<Polygon><outerBoundaryIs><LinearRing><coordinates>4.95236786951,52.3389853617,0 4.9506330066,52.3387363058,0 4.94576551139,52.3375965799,0 4.94307964376,52.3367911155,0 4.92926985137,52.3389261018,0 4.92039387899,52.3428460337,0 4.91798186914,52.3429389559,0 4.91691891845,52.3446495991,0 4.9131504552,52.3458757729,0 4.91222155235,52.347241781,0 4.91191427925,52.3481150549,0 4.92118482553,52.352213475,0 4.92803443342,52.3553778575,0 4.95171932745,52.3406295301,0 4.95236786951,52.3389853617,0</coordinates></LinearRing></outerBoundaryIs></Polygon>"
1098,4165,Amsterdam,"<Polygon><outerBoundaryIs><LinearRing><coordinates>4.96577070442,52.3542581391,0 4.95324001071,52.3398298149,0 4.95236786951,52.3389853617,0 4.95171932745,52.3406295301,0 4.92803443342,52.3553778575,0 4.93045567036,52.3564486739,0 4.93657634891,52.357652218,0 4.94064518451,52.3585574194,0 4.95987313657,52.3575948021,0 4.9645109476,52.3552207244,0 4.96577070442,52.3542581391,0</coordinates></LinearRing></outerBoundaryIs></Polygon>"
1101,70,Amsterdam,"<Polygon><outerBoundaryIs><LinearRing><coordinates>4.9557113747,52.3021917944,0 4.93934641249,52.2968326457,0 4.92943072273,52.3070938164,0 4.92991027432,52.3077985175,0 4.92928971342,52.3082562924,0 4.93120271223,52.3094518697,0 4.93093650801,52.3099577551,0 4.93373679791,52.3117283334,0 4.9363719595,52.3127405444,0 4.93533140485,52.3138321859,0 4.93881480782,52.314947343,0 4.93874434459,52.3158260813,0 4.93825426868,52.316430898,0 4.93992540291,52.3169441388,0 4.94069713872,52.3185190167,0 4.94014471118,52.3191982041,0 4.94062683333,52.3193851731,0 4.9557113747,52.3021917944,0</coordinates></LinearRing></outerBoundaryIs></Polygon>"
1102,18615,Amsterdam,"<Polygon><outerBoundaryIs><LinearRing><coordinates>4.97138802999,52.3078805904,0 4.9557113747,52.3021917944,0 4.94062683333,52.3193851731,0 4.94121161447,52.319573426,0 4.94020726312,52.320998692,0 4.94007705349,52.3218403544,0 4.93765894315,52.3233779871,0 4.93817628255,52.3241475072,0 4.93891543924,52.3241601966,0 4.94029049243,52.3249725,0 4.94494653268,52.3265709425,0 4.94858074407,52.3275434641,0 4.95278654986,52.3230363388,0 4.95675644443,52.3241707231,0 4.9635071847,52.3167496263,0 4.97138802999,52.3078805904,0</coordinates></LinearRing></outerBoundaryIs></Polygon>"
1103,10410,Amsterdam,"<Polygon><outerBoundaryIs><LinearRing><coordinates>4.99324867373,52.3233020089,0 4.98454407769,52.320939487,0 4.98377272542,52.3215695971,0 4.98203711175,52.321297629,0 4.98202497908,52.3205372235,0 4.9803836035,52.3202305014,0 4.97847578043,52.3205106356,0 4.97682336113,52.3191792214,0 4.9758316948,52.3193591279,0 4.97500483086,52.3199548348,0 4.97358520392,52.3200981784,0 4.97241490963,52.3192986646,0 4.97011964669,52.3189778214,0 4.9635071847,52.3167496263,0 4.95675644443,52.3241707231,0 4.96722374127,52.3280524009,0 4.96954901651,52.3269452515,0 4.97915324294,52.3315463307,0 4.98178895685,52.3312929479,0 4.98493117562,52.3309953919,0 4.98680707497,52.3297452687,0 4.99035933034,52.327378181,0 4.99324867373,52.3233020089,0</coordinates></LinearRing></outerBoundaryIs></Polygon>"
1104,10005,Amsterdam,"<Polygon><outerBoundaryIs><LinearRing><coordinates>4.99759477252,52.3169503778,0 4.97138802999,52.3078805904,0 4.9635071847,52.3167496263,0 4.97011964669,52.3189778214,0 4.97241490963,52.3192986646,0 4.97358520392,52.3200981784,0 4.97500483086,52.3199548348,0 4.9758316948,52.3193591279,0 4.97682336113,52.3191792214,0 4.97847578043,52.3205106356,0 4.9803836035,52.3202305014,0 4.98202497908,52.3205372235,0 4.98203711175,52.321297629,0 4.98377272542,52.3215695971,0 4.98454407769,52.320939487,0 4.99324867373,52.3233020089,0 4.99507145067,52.3218583406,0 4.99707991735,52.3182959453,0 4.99759477252,52.3169503778,0</coordinates></LinearRing></outerBoundaryIs></Polygon>"
1105,45,Amsterdam,"<Polygon><outerBoundaryIs><LinearRing><coordinates>4.97180503501,52.2842845829,0 4.96994445862,52.2831239955,0 4.967495974,52.2792065232,0 4.96141948295,52.2779489697,0 4.9571571175,52.2783811376,0 4.95524762731,52.2779463557,0 4.93934641249,52.2968326457,0 4.9557113747,52.3021917944,0 4.96247481023,52.295104227,0 4.97180503501,52.2842845829,0</coordinates></LinearRing></outerBoundaryIs></Polygon>"
1106,12340,Amsterdam,"<Polygon><outerBoundaryIs><LinearRing><coordinates>5.00016881352,52.298240002,0 4.99651469124,52.2983439307,0 4.99666930781,52.2962628697,0 4.99497068524,52.2962212975,0 4.97772747049,52.2961916166,0 4.9670971946,52.2941221917,0 4.96247481023,52.295104227,0 4.9557113747,52.3021917944,0 4.97138802999,52.3078805904,0 4.97637393267,52.303226162,0 4.97907649157,52.3015790687,0 4.98242312981,52.3009829945,0 4.99633675431,52.3007412835,0 4.99987387318,52.3007960605,0 5.00016881352,52.298240002,0</coordinates></LinearRing></outerBoundaryIs></Polygon>"
1107,7615,Amsterdam,"<Polygon><outerBoundaryIs><LinearRing><coordinates>4.99497068524,52.2962212975,0 4.99479961762,52.2891949699,0 4.98353611802,52.2901385276,0 4.97180503501,52.2842845829,0 4.96247481023,52.295104227,0 4.9670971946,52.2941221917,0 4.97772747049,52.2961916166,0 4.99497068524,52.2962212975,0</coordinates></LinearRing></outerBoundaryIs></Polygon>"
1108,1390,Amsterdam,"<Polygon><outerBoundaryIs><LinearRing><coordinates>5.01381706712,52.3036468792,0 5.01262776619,52.3038507366,0 5.01186292842,52.3036182253,0 5.00970306382,52.3017454906,0 5.00651780975,52.2992834165,0 5.00372185285,52.2976161388,0 5.00144115405,52.2931858315,0 4.99809461195,52.2890099232,0 4.99479961762,52.2891949699,0 4.99497068524,52.2962212975,0 4.99666930781,52.2962628697,0 4.99651469124,52.2983439307,0 5.00016881352,52.298240002,0 4.99987387318,52.3007960605,0 4.99633675431,52.3007412835,0 4.98242312981,52.3009829945,0 4.97907649157,52.3015790687,0 4.97637393267,52.303226162,0 4.97138802999,52.3078805904,0 4.99759477252,52.3169503778,0 4.99751519517,52.3151543624,0 4.99868800662,52.313189002,0 5.00056801688,52.3115036647,0 5.00337824035,52.3102482377,0 5.0089890904,52.3091536243,0 5.01010473333,52.3072805411,0 5.01180145377,52.3051684202,0 5.01380763929,52.3040710721,0 5.01381706712,52.3036468792,0</coordinates></LinearRing></outerBoundaryIs></Polygon>"
1109,245,Amsterdam,"<Polygon><outerBoundaryIs><LinearRing><coordinates>5.02085012618,52.3038333463,0 5.02084070398,52.302486051,0 5.01836373153,52.3027479864,0 5.01606555112,52.3031910852,0 5.01381706712,52.3036468792,0 5.01380763929,52.3040710721,0 5.01180145377,52.3051684202,0 5.01010473333,52.3072805411,0 5.0089890904,52.3091536243,0 5.00337824035,52.3102482377,0 5.00056801688,52.3115036647,0 4.99868800662,52.313189002,0 5.01551228479,52.3239438618,0 5.01740136695,52.323789799,0 5.02011407231,52.3073893196,0 5.02085012618,52.3038333463,0</coordinates></LinearRing></outerBoundaryIs></Polygon>"
Overig Amsterdam,30,Amsterdam,
Totaal Amsterdam,399379,Amsterdam,
